Date,russell3000_equal_weight
2014-01-02,-0.007486652663934426
2014-01-03,0.004840597336065573
2014-01-06,-0.005447016734972677
2014-01-07,0.009443261864117446
2014-01-08,0.0008103403892113349
2014-01-09,0.002417929668828952
2014-01-10,0.005532415841584159
2014-01-13,-0.012930035823950869
2014-01-14,0.014219600136472194
2014-01-15,0.0069076618901398835
2014-01-16,0.001417828045035824
2014-01-17,-0.0032639648584100994
2014-01-21,0.006003659734060688
2014-01-22,0.00434436481418343
2014-01-23,-0.007915131264916468
2014-01-24,-0.023571884196185288
2014-01-27,-0.01227172838665759
2014-01-28,0.009874149761742683
2014-01-29,-0.012040711027910142
2014-01-30,0.01380748587955087
2014-01-31,-0.007578163549812989
2014-02-03,-0.02899988538487623
2014-02-04,0.006901871864406779
2014-02-05,-0.0071289552542372885
2014-02-06,0.009644677954622417
2014-02-07,0.011810525870815014
2014-02-10,0.004457975329503211
2014-02-11,0.009231493071983779
2014-02-12,0.0029194327248140634
2014-02-13,0.011525010465901419
2014-02-14,0.0016943576248313092
2014-02-18,0.010013158462575859
2014-02-19,-0.009437528995279838
2014-02-20,0.011205369858395145
2014-02-21,0.0020820050556117293
2014-02-24,0.00740837230458221
2014-02-25,-0.0005920013481631278
2014-02-26,0.005551500505561174
2014-02-27,0.007424061678463094
2014-02-28,-0.0030284772497472198
2014-03-03,-0.004453944070080863
2014-03-04,0.0231720673627484
2014-03-05,0.000278983832940384
2014-03-06,0.0014735739306163693
2014-03-07,0.0011295058942404849
2014-03-10,2.794448183041722e-05
2014-03-11,-0.01038578102926337
2014-03-12,0.0026736321452589104
2014-03-13,-0.012088953965053762
2014-03-14,0.0024637355510752686
2014-03-17,0.005978122942559624
2014-03-18,0.012956729348556078
2014-03-19,-0.0051055449966420415
2014-03-20,0.0024440637797918763
2014-03-21,-0.003299269372693727
2014-03-24,-0.012004936034829203
2014-03-25,1.99551239115874e-05
2014-03-26,-0.017428753851306097
2014-03-27,-0.0025482313357884164
2014-03-28,0.0012828877005347595
2014-03-31,0.016698720720720723
2014-04-01,0.012715332109479305
2014-04-02,0.003920314647981315
2014-04-03,-0.009286311770590196
2014-04-04,-0.021292085638120625
2014-04-07,-0.015682644925124792
2014-04-08,0.007093060878243513
2014-04-09,0.014466620425815035
2014-04-10,-0.02562132524110409
2014-04-11,-0.014554474243934861
2014-04-14,0.001879847891066091
2014-04-15,0.0009840056440903054
2014-04-16,0.01170593497013935
2014-04-17,0.005766349353662578
2014-04-21,0.005949699006622517
2014-04-22,0.012084252234359483
2014-04-23,-0.007450558755379013
2014-04-24,-0.002256320423700761
2014-04-25,-0.018093800728235684
2014-04-28,-0.005219293942403177
2014-04-29,0.0032220979483785573
2014-04-30,0.00470324851091992
2014-05-01,-0.0002076303772336202
2014-05-02,-0.00021734005954349985
2014-05-05,-0.0013565188367481824
2014-05-06,-0.014816861533377395
2014-05-07,-0.002873089557171183
2014-05-08,-0.010656104758757437
2014-05-09,0.007927255944517833
2014-05-12,0.021516591479524436
2014-05-13,-0.006867480026411357
2014-05-14,-0.012839982502476066
2014-05-15,-0.007069867326732673
2014-05-16,0.005000652374670184
2014-05-19,0.009050645895153314
2014-05-20,-0.012327500988793672
2014-05-21,0.004887396176664469
2014-05-22,0.008766904746209624
2014-05-23,0.009503382992748846
2014-05-27,0.012975308198880474
2014-05-28,-0.0023310200856108
2014-05-29,0.0043887258064516125
2014-05-30,-0.0033996541625534718
2014-06-02,-0.005078889437314906
2014-06-03,-0.003203940808944426
2014-06-04,0.0036737793488983888
2014-06-05,0.017168285761262742
2014-06-06,0.009132627096349885
2014-06-09,0.010069636990801578
2014-06-10,-0.00031919468154957315
2014-06-11,-0.0030064388961892246
2014-06-12,-0.0049595783251231524
2014-06-13,0.002541653429602888
2014-06-16,0.004294689406362742
2014-06-17,0.008013387996064283
2014-06-18,0.005939940655737705
2014-06-19,6.8491325695581e-05
2014-06-20,0.0030956604514229633
2014-06-23,-0.0016338162798300098
2014-06-24,-0.00941958581235698
2014-06-25,0.0062690683229813665
2014-06-26,-0.000587731221423906
2014-06-27,0.00610051501305483
2014-06-30,0.004393931810766721
2014-07-01,0.011077289817232376
2014-07-02,-0.002158605734767025
2014-07-03,0.0065900892508143315
2014-07-07,-0.015890517106549366
2014-07-08,-0.013453962202671881
2014-07-09,0.0020005487129358098
2014-07-10,-0.009768028999674161
2014-07-11,-0.0002184172638436482
2014-07-14,0.005195609120521172
2014-07-15,-0.010071085342019543
2014-07-16,-0.0014097362422663628
2014-07-17,-0.014824645833333332
2014-07-18,0.014505418808981452
2014-07-21,-0.003753866710013004
2014-07-22,0.007156953511053316
2014-07-23,0.0013772067620286086
2014-07-24,-0.001539308292682927
2014-07-25,-0.007277492532467533
2014-07-28,-0.004683175802789491
2014-07-29,0.0006717655642023345
2014-07-30,0.004735721789883268
2014-07-31,-0.020008625040544924
2014-08-01,-0.005985016839378239
2014-08-04,0.007283910032362459
2014-08-05,-0.003126070203817535
2014-08-06,0.0033569954721862872
2014-08-07,-0.0060049967658473485
2014-08-08,0.01050652617970265
2014-08-11,0.008373506296415886
2014-08-12,-0.00707421350129199
2014-08-13,0.006641381782945736
2014-08-14,0.003438231514368744
2014-08-15,-0.00155740490797546
2014-08-18,0.012659426955397544
2014-08-19,0.003264042986425339
2014-08-20,-0.002884052682611506
2014-08-21,0.0021447307692307694
2014-08-22,0.0013895930833872012
2014-08-25,0.0038044738202973496
2014-08-26,0.006367622171945702
2014-08-27,-0.0007057699515347335
2014-08-28,-0.004077300161550889
2014-08-29,0.00671551211631664
2014-09-02,0.0035464342487883686
2014-09-03,-0.005768285298869144
2014-09-04,-0.0032540740142210727
2014-09-05,0.0019999524886877827
2014-09-08,0.0035100471881060118
2014-09-09,-0.010065585705045278
2014-09-10,0.006266956015523933
2014-09-11,0.004419515357258325
2014-09-12,-0.006517787516170764
2014-09-15,-0.010477780148722924
2014-09-16,0.0027607921784098253
2014-09-17,0.0024179265847347996
2014-09-18,0.0031029311793214862
2014-09-19,-0.008384584680025856
2014-09-22,-0.014743097931480284
2014-09-23,-0.007355036510500808
2014-09-24,0.007780911175710595
2014-09-25,-0.014814024838709677
2014-09-26,0.008144839677419354
2014-09-29,-0.0009534856405292029
2014-09-30,-0.010214424653113908
2014-10-01,-0.015731145483870966
2014-10-02,0.009186655172413793
2014-10-03,0.007359343418088188
2014-10-06,-0.008266372990353698
2014-10-07,-0.01685300739549839
2014-10-08,0.014604895531983285
2014-10-09,-0.02590302603664417
2014-10-10,-0.014391459537572255
2014-10-13,-0.006133638639281129
2014-10-14,0.007922645378690628
2014-10-15,0.009063902759948651
2014-10-16,0.013152108437600257
2014-10-17,-5.955872913992301e-05
2014-10-20,0.009753132499197946
2014-10-21,0.01616355263157895
2014-10-22,-0.013380920089858793
2014-10-23,0.015977422065426555
2014-10-24,0.002991350865939705
2014-10-27,-0.0034058120590121873
2014-10-28,0.024885945815966655
2014-10-29,-0.002082973709522283
2014-10-30,0.007138934294871795
2014-10-31,0.012716094170403588
2014-11-03,-0.0026713275641025644
2014-11-04,-0.004746901791426743
2014-11-05,0.00231978976
2014-11-06,0.0043404358810361365
2014-11-07,0.002914657188498403
2014-11-10,0.0036174743057772103
2014-11-11,0.00019217427385892117
2014-11-12,0.00524408389154705
2014-11-13,-0.008147969039259496
2014-11-14,0.0011144339923469387
2014-11-17,-0.006717444869343531
2014-11-18,0.004856427478482627
2014-11-19,-0.009084168048469387
2014-11-20,0.010022537774944214
2014-11-21,0.0032619608155463526
2014-11-24,0.009995121694807265
2014-11-25,-0.0009986807900605288
2014-11-26,0.002337925135393437
2014-11-28,-0.014999315387065944
2014-12-01,-0.017036652437081874
2014-12-02,0.009041958917197453
2014-12-03,0.008341992675159235
2014-12-04,-0.005173124482648838
2014-12-05,0.008128654667091431
2014-12-08,-0.014448672825740683
2014-12-09,0.01574795636942675
2014-12-10,-0.022130117272147868
2014-12-11,0.004151518317935648
2014-12-12,-0.011429916878980892
2014-12-15,-0.009803593640699522
2014-12-16,8.51071882951654e-05
2014-12-17,0.030102019726376075
2014-12-18,0.016740724236641222
2014-12-19,0.0057517300476947536
2014-12-22,0.0036396573426573427
2014-12-23,0.0012099153944020358
2014-12-24,0.003268279491255962
2014-12-26,0.006489787531806616
2014-12-29,0.0024771033386327503
2014-12-30,-0.003980511760966306
2014-12-31,-0.002794885568976478
2015-01-02,-0.002354739503816794
2015-01-05,-0.015537312758510976
2015-01-06,-0.017242397072860325
2015-01-07,0.010280907383831955
2015-01-08,0.016632028016555236
2015-01-09,-0.007368998726520217
2015-01-12,-0.006209598217128303
2015-01-13,-0.0014718967495219886
2015-01-14,-0.004146833014659019
2015-01-15,-0.018848157425111537
2015-01-16,0.016662937519923496
2015-01-20,-0.005329602739726027
2015-01-21,-0.0014586135712010193
2015-01-22,0.016474271510516253
2015-01-23,-0.0020323113448056087
2015-01-26,0.009616834660719975
2015-01-27,-0.0037321576935329726
2015-01-28,-0.01643436508442179
2015-01-29,0.010672809554140128
2015-01-30,-0.015669721974522294
2015-02-02,0.011165123448934139
2015-02-03,0.018777632601082457
2015-02-04,-0.005236919796308084
2015-02-05,0.01524062603437301
2015-02-06,-2.546641197070964e-06
2015-02-09,-0.004057016868236792
2015-02-10,0.005022197389366444
2015-02-11,-0.0011719729471674095
2015-02-12,0.01153173670805476
2015-02-13,0.00840069828134946
2015-02-17,0.0035907762571610437
2015-02-18,0.0027751413562559692
2015-02-19,0.0016165367717287488
2015-02-20,0.0012232040751353071
2015-02-23,-0.00229318821656051
2015-02-24,0.004173122929936306
2015-02-25,0.003934711691621536
2015-02-26,0.0020332656897100987
2015-02-27,-0.00509773129576568
2015-03-02,0.006973807447485677
2015-03-03,-0.005188853184713375
2015-03-04,-0.002351149363057325
2015-03-05,0.0031767665605095543
2015-03-06,-0.010186457961783439
2015-03-09,0.002170557465775231
2015-03-10,-0.013643988535031846
2015-03-11,0.004223351067218859
2015-03-12,0.014446748565965584
2015-03-13,-0.004655818992989165
2015-03-16,0.003668161886551944
2015-03-17,0.002254999681122449
2015-03-18,0.008964836044657098
2015-03-19,0.0006934901084875559
2015-03-20,0.00586101881377551
2015-03-23,0.0012177425837320574
2015-03-24,0.0005927401147959185
2015-03-25,-0.018989140988835727
2015-03-26,-0.0018302902711323764
2015-03-27,0.004350093401338859
2015-03-30,0.011122044961734693
2015-03-31,-0.003388721389862926
2015-04-01,-0.0008330462519936205
2015-04-02,0.0047234654128147915
2015-04-06,0.004664417091836734
2015-04-07,-0.00135546875
2015-04-08,0.005178469387755102
2015-04-09,8.902614795918367e-05
2015-04-10,0.0036477726403061224
2015-04-13,0.0005123698979591837
2015-04-14,0.0024429531399426203
2015-04-15,0.010060900510204081
2015-04-16,-0.000823273654029946
2015-04-17,-0.014536539440203562
2015-04-20,0.009311266857506361
2015-04-21,-0.00218597519872814
2015-04-22,0.0021423308963763508
2015-04-23,0.005347436565977743
2015-04-24,-0.0023266582962492054
2015-04-27,-0.010693916719643993
2015-04-28,0.004540277353689568
2015-04-29,-0.0067561088478676
2015-04-30,-0.017359193640699523
2015-05-01,0.006865412718600954
2015-05-04,0.0038988514631043258
2015-05-05,-0.011889286123488224
2015-05-06,0.0003987651177593888
2015-05-07,0.002818366645448759
2015-05-08,0.007811092268533249
2015-05-11,0.0006575135135135136
2015-05-12,-0.002015678548695099
2015-05-13,5.108110687022894e-05
2015-05-14,0.007819306615776081
2015-05-15,0.00016890741329939548
2015-05-18,0.007661573290937997
2015-05-19,-0.003691127503974563
2015-05-20,0.0014537123331214241
2015-05-21,0.0013368305785123968
2015-05-22,-0.002670418360864041
2015-05-26,-0.010105729583730537
2015-05-27,0.009394287801778908
2015-05-28,-0.0003447830368487929
2015-05-29,-0.003399858913250715
2015-06-01,0.00046803368287257703
2015-06-02,0.004676101016518425
2015-06-03,0.01002163226421086
2015-06-04,-0.008908033026357573
2015-06-05,0.007563465057179162
2015-06-08,-0.005403471578278819
2015-06-09,-0.00240280082592122
2015-06-10,0.012364912007623888
2015-06-11,0.0006033679694947569
2015-06-12,-0.0032280762631077217
2015-06-15,-0.002680250635324015
2015-06-16,0.0039334764930114355
2015-06-17,-0.0007770654383735705
2015-06-18,0.009243439504604637
2015-06-19,-0.0017917527768962235
2015-06-22,0.006926892131979695
2015-06-23,0.0035196803174603174
2015-06-24,-0.008839875873015874
2015-06-25,-0.0013467141949825344
2015-06-26,-0.0029012423089121472
2015-06-29,-0.024667232815964522
2015-06-30,0.005780548765041165
2015-07-01,4.147431832593465e-06
2015-07-02,-0.004979295792470737
2015-07-06,-0.0038967255769838762
2015-07-07,0.00030618595825426944
2015-07-08,-0.018220225704336814
2015-07-09,0.0051050405191516305
2015-07-10,0.013451231255931667
2015-07-13,0.0109487167721519
2015-07-14,0.006276039860803543
2015-07-15,-0.0082379379943056
2015-07-16,0.005038937341772152
2015-07-17,-0.005060465086887836
2015-07-20,-0.00951638150836226
2015-07-21,-0.0031079031240138846
2015-07-22,-2.0012306721363234e-05
2015-07-23,-0.007608837488166614
2015-07-24,-0.013965927152317882
2015-07-27,-0.010685886155786818
2015-07-28,0.009528106242118537
2015-07-29,0.005542998109045068
2015-07-30,0.002032718878033407
2015-07-31,0.0031215143397415697
2015-08-03,-0.007311315789473684
2015-08-04,-0.001671850614560353
2015-08-05,0.0026163276622558286
2015-08-06,-0.008706982052896725
2015-08-07,-0.005810263058527375
2015-08-10,0.01577714600377596
2015-08-11,-0.010450752045311517
2015-08-12,0.0012215361862806797
2015-08-13,-0.004732763687853996
2015-08-14,0.004792087448883296
2015-08-17,0.007481804970116389
2015-08-18,-0.007370562480327353
2015-08-19,-0.00960457507082153
2015-08-20,-0.02380488476070529
2015-08-21,-0.014167645151133501
2015-08-24,-0.03558549039974819
2015-08-25,-0.00531201573811772
2015-08-26,0.022545961901763223
2015-08-27,0.024172428031496065
2015-08-28,0.012535146456692913
2015-08-31,0.0019229524259609324
2015-09-01,-0.025124243302867947
2015-09-02,0.013585089820359282
2015-09-03,0.000727188524590164
2015-09-04,-0.00685840807316304
2015-09-08,0.020462184426229508
2015-09-09,-0.010822870387890255
2015-09-10,0.003100031220435194
2015-09-11,0.0014101136005048912
2015-09-14,-0.004917634069400631
2015-09-15,0.010533060567823344
2015-09-16,0.009643005362776026
2015-09-17,0.003545954559798044
2015-09-18,-0.00965007949526814
2015-09-21,-0.003941100630914827
2015-09-22,-0.015920087038789027
2015-09-23,-0.006515124881740776
2015-09-24,-0.001660669504888048
2015-09-25,-0.014951552822453485
2015-09-28,-0.03047749795017345
2015-09-29,-0.007170712350346566
2015-09-30,0.015752778897637796
2015-10-01,-0.003781250078839483
2015-10-02,0.019152531318854266
2015-10-05,0.026471034623858986
2015-10-06,-0.0016664833123425692
2015-10-07,0.016035060157480314
2015-10-08,0.011448638023292415
2015-10-09,0.002449066393958464
2015-10-12,-0.0033146413966656184
2015-10-13,-0.0123367713836478
2015-10-14,-0.006649600503302926
2015-10-15,0.022498929852154764
2015-10-16,-0.0025068232704402514
2015-10-19,-0.0013054161686064801
2015-10-20,-0.0001944120792702107
2015-10-21,-0.015025436615287827
2015-10-22,0.007419473717343405
2015-10-23,0.009209167977351369
2015-10-26,-0.007930735682819384
2015-10-27,-0.014235010698552548
2015-10-28,0.02656739219389361
2015-10-29,-0.007870299244808055
2015-10-30,-0.0022623801132787918
2015-11-02,0.021234246536523928
2015-11-03,0.0077507311320754715
2015-11-04,-0.0011740050298648223
2015-11-05,-0.002820102483495756
2015-11-06,0.007080163367891926
2015-11-09,-0.01090180150753769
2015-11-10,-0.002201385557299843
2015-11-11,-0.009682354494028912
2015-11-12,-0.018019540999057494
2015-11-13,-0.007011753063147974
2015-11-16,0.007468278492935636
2015-11-17,-0.00530487786499215
2015-11-18,0.014466620288944722
2015-11-19,-0.0029009714195979896
2015-11-20,0.0053034010040790705
2015-11-23,0.005509793850015689
2015-11-24,0.008125656730467523
2015-11-25,0.008789461369346734
2015-11-27,0.003179289572864322
2015-11-30,-0.0008379318681318681
2015-12-01,0.004393981795354677
2015-12-02,-0.009183781612802009
2015-12-03,-0.014723929086915595
2015-12-04,0.006202686539064951
2015-12-07,-0.018216486028257456
2015-12-08,-0.004106951020408163
2015-12-09,-0.007601566760917373
2015-12-10,0.004586864278982093
2015-12-11,-0.023160918969849245
2015-12-14,-0.00927635218347471
2015-12-15,0.012380038654934002
2015-12-16,0.015427397109644988
2015-12-17,-0.010040474842767296
2015-12-18,-0.007847077697389116
2015-12-21,0.006246401825047199
2015-12-22,0.008728389500157183
2015-12-23,0.01722546526249607
2015-12-24,0.002003551572327044
2015-12-28,-0.009055361862806798
2015-12-29,0.008982681775259679
2015-12-30,-0.008087731192949322
2015-12-31,-0.006516312047813778
2016-01-04,-0.0167296263770853
2016-01-05,-0.0017651810453400503
2016-01-06,-0.01731880636020151
2016-01-07,-0.030281459672337745
2016-01-08,-0.015036945809703843
2016-01-11,-0.011149675173282924
2016-01-12,-0.0004670598613736609
2016-01-13,-0.03354173999369682
2016-01-14,0.016290719016083255
2016-01-15,-0.020305693400694665
2016-01-19,-0.017358837121212122
2016-01-20,0.003970216924534259
2016-01-21,0.007254534428300695
2016-01-22,0.023877788041758937
2016-01-25,-0.023264995571021827
2016-01-26,0.020141747628083493
2016-01-27,-0.01301266129032258
2016-01-28,0.0009795599493831065
2016-01-29,0.030721910499683744
2016-02-01,-0.0027568906844106463
2016-02-02,-0.023696618504435996
2016-02-03,0.004058813747228381
2016-02-04,0.009374794611727418
2016-02-05,-0.02567233586818758
2016-02-08,-0.020687005389980976
2016-02-09,-0.008678032002534853
2016-02-10,-0.0012620501110053917
2016-02-11,-0.010860011421319796
2016-02-12,0.021318220038046926
2016-02-16,0.02406260608943863
2016-02-17,0.022524887725975263
2016-02-18,-0.0063560558198541076
2016-02-19,0.0017310647002854423
2016-02-22,0.014857388201712654
2016-02-23,-0.013381182683158896
2016-02-24,0.008929979060913706
2016-02-25,0.0068824278464954015
2016-02-26,0.010862043450681891
2016-02-29,-0.0014031079365079365
2016-03-01,0.019383810673443455
2016-03-02,0.016496895171537483
2016-03-03,0.012905522402287893
2016-03-04,0.009153813155386083
2016-03-07,0.02154598729755478
2016-03-08,-0.02565385764219892
2016-03-09,0.006197845249443916
2016-03-10,-0.008066948840165237
2016-03-11,0.02103479250079441
2016-03-14,-0.00024714076898633616
2016-03-15,-0.016617330686149935
2016-03-16,0.006962003176620076
2016-03-17,0.012655999047013977
2016-03-18,0.009803385959339264
2016-03-21,0.0015137230866941887
2016-03-22,-0.0005279717370593839
2016-03-23,-0.02181450969176994
2016-03-24,0.0038106090273363
2016-03-28,-0.0009422809917355372
2016-03-29,0.01957892718600954
2016-03-30,0.0037027314903082306
2016-03-31,0.0021932663699936426
2016-04-01,0.004105272727272727
2016-04-04,-0.004429135814249364
2016-04-05,-0.010451023862551702
2016-04-06,0.014607003819223426
2016-04-07,-0.0129429353914704
2016-04-08,0.00430793509385937
2016-04-11,-0.0013396008269720102
2016-04-12,0.011829634945894334
2016-04-13,0.02124255456570156
2016-04-14,0.0006900251592356687
2016-04-15,0.0013138745222929936
2016-04-18,0.007154978343949045
2016-04-19,0.003349834605597964
2016-04-20,0.002903962456251989
2016-04-21,-0.0016457600254614895
2016-04-22,0.009304885423297262
2016-04-25,-0.007385917568427753
2016-04-26,0.008698750636132315
2016-04-27,0.00540586887332909
2016-04-28,-0.010154337150127226
2016-04-29,-0.0071858381043257
2016-05-02,0.00540607258834766
2016-05-03,-0.016358967218332274
2016-05-04,-0.009882542011457671
2016-05-05,-0.004842080840229153
2016-05-06,0.0018197118751989813
2016-05-09,0.00131581852913085
2016-05-10,0.009708439668895256
2016-05-11,-0.010919930573248407
2016-05-12,-0.010450048058561427
2016-05-13,-0.004953281985996181
2016-05-16,0.011363431572246976
2016-05-17,-0.010968336091661361
2016-05-18,0.00329688029290035
2016-05-19,-0.007710917886696371
2016-05-20,0.015251866327180138
2016-05-23,0.002535707418019739
2016-05-24,0.01824835275390003
2016-05-25,0.009158082113303628
2016-05-26,-0.0021591298949379177
2016-05-27,0.008876397072860325
2016-05-31,0.004224689150493159
2016-06-01,0.006658871419478039
2016-06-02,0.005909456542502388
2016-06-03,-0.0057927604199809095
2016-06-06,0.014024577473751194
2016-06-07,0.002411472947167409
2016-06-08,0.006173158548233046
2016-06-09,-0.008291499840815026
2016-06-10,-0.015381263610315185
2016-06-13,-0.01149162810707457
2016-06-14,-0.004314308818847501
2016-06-15,0.0029230939490445863
2016-06-16,-0.001739414836039478
2016-06-17,-0.0011529506683640991
2016-06-20,0.012202043298312641
2016-06-21,-0.00332859076433121
2016-06-22,-0.004070592545396623
2016-06-23,0.01974317070063694
2016-06-24,-0.03731277898089172
2016-06-27,-0.03424431220133801
2016-06-28,0.020334157374960176
2016-06-29,0.01957635584581077
2016-06-30,0.014371303281299779
2016-07-01,0.0074374054226475275
2016-07-05,-0.01633089601275917
2016-07-06,0.006802325996810208
2016-07-07,0.0026662746411483256
2016-07-08,0.02221645709728868
2016-07-11,0.008352902773350334
2016-07-12,0.014432654435226547
2016-07-13,-0.004803534014691792
2016-07-14,0.0017444581469648562
2016-07-15,0.0024681862024912168
2016-07-18,0.002401441073139572
2016-07-19,-0.007625865538166719
2016-07-20,0.008334225734355044
2016-07-21,-0.004120107313957202
2016-07-22,0.005504088122605365
2016-07-25,-0.003965869773380147
2016-07-26,0.006035522016592214
2016-07-27,0.0024105290363752394
2016-07-28,-0.0008843636653895274
2016-07-29,0.0015758130185067006
2016-08-01,-0.0031505312899106
2016-08-02,-0.011312259661450014
2016-08-03,0.010425105397636537
2016-08-04,0.0007244998402045382
2016-08-05,0.013170720855956563
2016-08-08,0.002030985317586977
2016-08-09,-1.541302266198537e-05
2016-08-10,-0.007639717432950192
2016-08-11,0.007204386900958467
2016-08-12,0.001115058748403576
2016-08-15,0.010105213852537504
2016-08-16,-0.006412181034482759
2016-08-17,-0.001991256549520767
2016-08-18,0.0078110076677316296
2016-08-19,-0.0001502769083359949
2016-08-22,0.0020531079872204475
2016-08-23,0.0062491656539814516
2016-08-24,-0.008801932842980493
2016-08-25,0.000733079948832747
2016-08-26,-0.0007941673064619321
2016-08-29,0.006357930604413176
2016-08-30,0.0014245551646945953
2016-08-31,-0.005144569462227913
2016-09-01,0.00011690515860301183
2016-09-02,0.008323183712728438
2016-09-06,0.0034136369467607443
2016-09-07,0.005154833119383826
2016-09-08,0.002685871268057785
2016-09-09,-0.027054245343609507
2016-09-12,0.013094956605593058
2016-09-13,-0.017316224614395886
2016-09-14,-0.0001546677377892031
2016-09-15,0.011452610343719884
2016-09-16,-0.00029286913183279746
2016-09-19,0.004467299131553555
2016-09-20,0.0005887537817830705
2016-09-21,0.012064097490347491
2016-09-22,0.011980629784496622
2016-09-23,-0.004987421407907425
2016-09-26,-0.009934188303341902
2016-09-27,0.004875454486973303
2016-09-28,0.008031589768339769
2016-09-29,-0.01129566709552911
2016-09-30,0.012175116077170419
2016-10-03,-0.0004321716033483581
2016-10-04,-0.0058926156320360246
2016-10-05,0.009466448231511253
2016-10-06,-0.0037550867609254497
2016-10-07,-0.006940872873194222
2016-10-10,0.009483349486521181
2016-10-11,-0.016466827077317933
2016-10-12,-0.0016237186897880538
2016-10-13,-0.009770538806927518
2016-10-14,-0.002434607956368303
2016-10-17,-0.003595723540731238
2016-10-18,0.005312601347017319
2016-10-19,0.003984815907633098
2016-10-20,-0.0004578415651058371
2016-10-21,-0.0016353397497593841
2016-10-24,0.0030639910170035286
2016-10-25,-0.009441618222649984
2016-10-26,-0.0076237939666238775
2016-10-27,-0.009499406290115532
2016-10-28,-0.004486638960205391
2016-10-31,-0.00044787816607887144
2016-11-01,-0.00945417650834403
2016-11-02,-0.012278982039769083
2016-11-03,-0.008328248877485568
2016-11-04,0.005010270131536734
2016-11-07,0.02204522354073124
2016-11-08,0.004209762516046213
2016-11-09,0.030324478665383382
2016-11-10,0.016309000320924263
2016-11-11,0.02110436136071887
2016-11-14,0.010432523595505616
2016-11-15,0.004482278562259307
2016-11-16,0.0006620468850353243
2016-11-17,0.0074709159717767796
2016-11-18,0.003477548459563543
2016-11-21,0.006646661528580603
2016-11-22,0.005665700481540931
2016-11-23,0.005787286356340289
2016-11-25,0.005531046257629297
2016-11-28,-0.011908078380982975
2016-11-29,-0.0029141067180970745
2016-11-30,-0.003177998071359691
2016-12-01,-0.005489205532325507
2016-12-02,0.0008393142305215712
2016-12-05,0.016024084352865422
2016-12-06,0.009855184863123994
2016-12-07,0.0074855214308733485
2016-12-08,0.012538336557059961
2016-12-09,0.003888302160593357
2016-12-12,-0.010257261851015801
2016-12-13,0.00042181586584972593
2016-12-14,-0.011337632903225807
2016-12-15,0.006818762334730732
2016-12-16,0.001980871654305063
2016-12-19,0.004019754674403611
2016-12-20,0.008185805869074492
2016-12-21,-0.004571080025814779
2016-12-22,-0.008027136451612902
2016-12-23,0.006853019677419355
2016-12-27,0.0033719887060342044
2016-12-28,-0.011056616327847693
2016-12-29,-0.0012212570967741936
2016-12-30,-0.0036129374395356337
2017-01-03,0.009204307741935484
2017-01-04,0.017348825161290323
2017-01-05,-0.007649203417150225
2017-01-06,-0.001790769825918762
2017-01-09,-0.0061533192518542406
2017-01-10,0.00884340567558852
2017-01-11,0.001963356659142212
2017-01-12,-0.007527166075459529
2017-01-13,0.007729002902289585
2017-01-17,-0.011868979025492093
2017-01-18,0.00336962621045836
2017-01-19,-0.0085925815305134
2017-01-20,0.004231458360232408
2017-01-23,-0.0049064643203099775
2017-01-24,0.013733285760413305
2017-01-25,0.010409632428940569
2017-01-26,-0.004776
2017-01-27,-0.0017519638242894057
2017-01-30,-0.012942921612903226
2017-01-31,0.005547366537717601
2017-02-01,-0.0009203392454047082
2017-02-02,-0.0015174669461464044
2017-02-03,0.012589027724049
2017-02-06,-0.005595470019342359
2017-02-07,-0.003517198259187621
2017-02-08,-0.002455824572718478
2017-02-09,0.012707374838709679
2017-02-10,0.007291739916101968
2017-02-13,0.0030262103904485317
2017-02-14,0.004301845111326234
2017-02-15,0.005853471935483871
2017-02-16,-0.004064512746047111
2017-02-17,0.002768375080697224
2017-02-21,0.00477193477558928
2017-02-22,-0.005069365310077519
2017-02-23,-0.006269118540051679
2017-02-24,0.00028157756948933414
2017-02-27,0.010206283635187581
2017-02-28,-0.01380662018764154
2017-03-01,0.01691457734627832
2017-03-02,-0.009647575541895827
2017-03-03,-0.0011723895179553542
2017-03-06,-0.007906549482535576
2017-03-07,-0.0061448375930119705
2017-03-08,-0.0036193714008411516
2017-03-09,-0.0023440960543337644
2017-03-10,0.0037594390559327513
2017-03-13,0.0051397528307990945
2017-03-14,-0.0076684980582524265
2017-03-15,0.012707095438369459
2017-03-16,0.0033910611254851226
2017-03-17,0.002540686711930165
2017-03-20,-0.004016894924021985
2017-03-21,-0.02465990210016155
2017-03-22,-0.0031750781906300487
2017-03-23,0.005839519883608147
2017-03-24,0.0012772155088852989
2017-03-27,0.004649223586429726
2017-03-28,0.0075041803490627015
2017-03-29,0.0067955959922430505
2017-03-30,0.00564323052053023
2017-03-31,0.0030118392106114524
2017-04-03,-0.01116219365284974
2017-04-04,-0.004109553756476684
2017-04-05,-0.011026563330093941
2017-04-06,0.009035299740764745
2017-04-07,-0.0005059575639779721
2017-04-10,0.00219717384266753
2017-04-11,0.004613478134110787
2017-04-12,-0.010057638897893031
2017-04-13,-0.00858151425793908
2017-04-17,0.008804899773682508
2017-04-18,-0.002071535899094437
2017-04-19,0.002709455987055016
2017-04-20,0.010994529297507282
2017-04-21,-0.0032245249513933897
2017-04-24,0.012316234283862606
2017-04-25,0.009334285482825664
2017-04-26,0.006968142903434868
2017-04-27,-0.0024334256559766765
2017-04-28,-0.008564173898963731
2017-05-01,0.0019651866106080206
2017-05-02,-0.0033050701811125484
2017-05-03,-0.005285868089233754
2017-05-04,-0.0027141594953089612
2017-05-05,0.006060521823472357
2017-05-08,-0.0015994007756948935
2017-05-09,0.0012104579831932773
2017-05-10,0.0045170762766645126
2017-05-11,-0.004580265180878553
2017-05-12,-0.005050496930533117
2017-05-15,0.006878813630490956
2017-05-16,-0.0022262638888888887
2017-05-17,-0.02438056556847545
2017-05-18,0.0029652125322997417
2017-05-19,0.007249875
2017-05-22,0.006214155684754522
2017-05-23,0.0009999987075928916
2017-05-24,0.00042359579967689824
2017-05-25,-0.00011987209302325584
2017-05-26,-0.00016521569260574752
2017-05-30,-0.007101798126614987
2017-05-31,-0.001062886591276252
2017-06-01,0.017083003233107016
2017-06-02,0.005919227037516171
2017-06-05,-0.006515147429679923
2017-06-06,-0.002451624959586162
2017-06-07,-0.00138035305528613
2017-06-08,0.010171239172592113
2017-06-09,0.0048472214678305856
2017-06-12,-0.001236730595084088
2017-06-13,0.006781774579560155
2017-06-14,-0.004855725420439844
2017-06-15,-0.0052878738680465715
2017-06-16,-0.0011245593659010029
2017-06-19,0.009154803946942737
2017-06-20,-0.008866617923002265
2017-06-21,-0.0027408786800388225
2017-06-22,0.005170595923649305
2017-06-23,0.008303372694920739
2017-06-26,0.004600164671627305
2017-06-27,-0.007569983505821475
2017-06-28,0.01321256514710637
2017-06-29,-0.004249507274490786
2017-06-30,-0.00012029476405946992
2017-07-03,0.007671492725509215
2017-07-05,-0.005244025549805951
2017-07-06,-0.011514674862504043
2017-07-07,0.008990405177993528
2017-07-10,-0.003966705177993527
2017-07-11,0.0015102679611650486
2017-07-12,0.00723232049206863
2017-07-13,0.0025466718446601946
2017-07-14,0.002580762859915885
2017-07-17,0.0014434369340232858
2017-07-18,-0.003507695891297315
2017-07-19,0.008602118084762213
2017-07-20,2.9441604658686495e-05
2017-07-21,-0.0042332259941804075
2017-07-24,-0.00019633904330963153
2017-07-25,0.006634054962819269
2017-07-26,-0.0030606045910119626
2017-07-27,-0.006448135143873263
2017-07-28,-0.0023832014877102196
2017-07-31,-0.0032748690591658585
2017-08-01,-0.0002421677982541223
2017-08-02,-0.010213620232708468
2017-08-03,-0.004544768336025848
2017-08-04,0.0054121815831987075
2017-08-07,-0.00023538707592891757
2017-08-08,-0.003368186813186813
2017-08-09,-0.008718001616031028
2017-08-10,-0.017309884578079533
2017-08-11,0.0020259366311024896
2017-08-14,0.013602820297349709
2017-08-15,-0.007851411118293471
2017-08-16,0.00010600969932104749
2017-08-17,-0.015059959909473003
2017-08-18,0.0006443889427740059
2017-08-21,-0.0023689673561732385
2017-08-22,0.009889221647819062
2017-08-23,-0.0006811321486268174
2017-08-24,0.005008695961227786
2017-08-25,0.005289064943457189
2017-08-28,0.003319087265675501
2017-08-29,0.0021397063004846527
2017-08-30,0.005885523101777059
2017-08-31,0.008130811631663975
2017-09-01,0.006989150711513584
2017-09-05,-0.007633516650501131
2017-09-06,0.0038345879689521347
2017-09-07,-0.0003912558214747736
2017-09-08,0.0002898580666020046
2017-09-11,0.010795184993531695
2017-09-12,0.007075964736331285
2017-09-13,0.00458089219812237
2017-09-14,-0.000790328798185941
2017-09-15,0.004711483317136379
2017-09-18,0.006331830200907323
2017-09-19,-0.0005965922204213939
2017-09-20,0.004147795137763371
2017-09-21,-0.0006488647859922179
2017-09-22,0.005708829821717991
2017-09-25,0.0005491908619572262
2017-09-26,0.004209677795786061
2017-09-27,0.01632990690885501
2017-09-28,0.002612062946138871
2017-09-29,0.0025977233214401554
2017-10-02,0.01248236481661798
2017-10-03,0.0021715290301654233
2017-10-04,-0.0013295546545572495
2017-10-05,0.004964465606748864
2017-10-06,-0.0011110324569944823
2017-10-09,-0.005084085251215559
2017-10-10,0.003754530155642023
2017-10-11,-0.0006780940642231593
2017-10-12,-0.0036463844155844157
2017-10-13,-0.0025846787682333875
2017-10-16,-0.0018182077795786062
2017-10-17,-0.0029834298217179898
2017-10-18,0.002744521231766613
2017-10-19,-0.0013961199351701784
2017-10-20,0.005995260207388205
2017-10-23,-0.007855036952998379
2017-10-24,0.0014099624108878806
2017-10-25,-0.005864292287751134
2017-10-26,0.0016561380427738172
2017-10-27,0.0056650097213221005
2017-10-30,-0.009516388277202073
2017-10-31,0.007422622085492228
2017-11-01,-0.00577702981205444
2017-11-02,0.0019608859734369937
2017-11-03,9.736298932384333e-05
2017-11-06,0.0038026814359637773
2017-11-07,-0.013068902620511162
2017-11-08,-0.000669490297542044
2017-11-09,-0.0014028525226390687
2017-11-10,0.0020278742321370837
2017-11-13,-0.0014546630012936613
2017-11-14,-0.0039998069210866755
2017-11-15,-0.003906359314359637
2017-11-16,0.015353917232460395
2017-11-17,0.0074367270375161705
2017-11-20,0.005868450080775445
2017-11-21,0.007275829134366926
2017-11-22,0.0018586031027795736
2017-11-24,0.00375680407371484
2017-11-27,-0.002916254445522147
2017-11-28,0.01242484637774903
2017-11-29,0.004195006468305304
2017-11-30,0.0035763482056256064
2017-12-01,-0.002148339805825243
2017-12-04,-0.0030411058252427185
2017-12-05,-0.0071306553398058255
2017-12-06,-0.006722914886731392
2017-12-07,0.007916088054386533
2017-12-08,0.0027048153298835703
2017-12-11,-4.082138242894064e-05
2017-12-12,-0.001801967377260982
2017-12-13,0.005031807170542636
2017-12-14,-0.008811215185783521
2017-12-15,0.012008898836457659
2017-12-18,0.011791652019386105
2017-12-19,-0.004232116962843296
2017-12-20,0.004470920788878112
2017-12-21,0.005965794374393792
2017-12-22,-0.0018615465717981888
2017-12-26,0.001926062783171521
2017-12-27,0.0005050893493039819
2017-12-28,0.003352911621884105
2017-12-29,-0.006703317563188593
2018-01-02,0.012782807592472422
2018-01-03,0.00399688842036977
2018-01-04,0.0038761359065844956
2018-01-05,0.003634839766461239
2018-01-08,-0.00015246365996106427
2018-01-09,-0.0009107313432835821
2018-01-10,0.0016838549643088904
2018-01-11,0.01653570385987674
2018-01-12,0.004259655743024011
2018-01-16,-0.012406122283490107
2018-01-17,0.007808356586632057
2018-01-18,-0.00425394130998703
2018-01-19,0.011082148832684824
2018-01-22,0.00506954097829608
2018-01-23,0.002710118885649498
2018-01-24,-0.004821321347586654
2018-01-25,0.0003287862001943634
2018-01-26,0.004382361488673139
2018-01-29,-0.006329294954721863
2018-01-30,-0.010273408473479947
2018-01-31,-0.005980186084142395
2018-02-01,0.0009507209980557357
2018-02-02,-0.020921477626459146
2018-02-05,-0.032679299935149154
2018-02-06,0.01061191699092088
2018-02-07,0.0011000204280155643
2018-02-08,-0.027175348475016223
2018-02-09,0.006416985737439222
2018-02-12,0.009674253402462734
2018-02-13,0.003964828738241972
2018-02-14,0.016110310736295815
2018-02-15,0.00954353179753407
2018-02-16,0.0023238676613687964
2018-02-20,-0.008240639961076874
2018-02-21,0.0021521917585983126
2018-02-22,-0.002290809214795587
2018-02-23,0.012226093091144988
2018-02-26,0.007385531452658885
2018-02-27,-0.01321040713128039
2018-02-28,-0.01304822088874473
2018-03-01,-0.0038937624148003896
2018-03-02,0.016061152173913042
2018-03-05,0.010602560350421803
2018-03-06,0.00764961129136924
2018-03-07,0.00551076987990912
2018-03-08,0.0014815913664394677
2018-03-09,0.014493688657783554
2018-03-12,0.003521322066948326
2018-03-13,-0.004941632672945761
2018-03-14,-0.004132470779220779
2018-03-15,-0.005268856215514444
2018-03-16,0.00878345165476963
2018-03-19,-0.009619027237354085
2018-03-20,-0.00210519682230869
2018-03-21,0.006323364785992217
2018-03-22,-0.01952202885862516
2018-03-23,-0.017824095623987034
2018-03-26,0.016931874554294978
2018-03-27,-0.017449206874189365
2018-03-28,-0.0033925915127955945
2018-03-29,0.011471661702816445
2018-04-02,-0.020872090997409328
2018-04-03,0.010239375647668395
2018-04-04,0.01370289886547812
2018-04-05,0.008083039870340357
2018-04-06,-0.018122501459617253
2018-04-09,-0.00044131625040544917
2018-04-10,0.018246072332144016
2018-04-11,0.0019585697146562906
2018-04-12,0.006874060999351071
2018-04-13,-0.0035924171261758025
2018-04-16,0.007107129419396692
2018-04-17,0.0101145141187926
2018-04-18,0.003198125243348475
2018-04-19,-0.005435195715676728
2018-04-20,-0.005419844357976654
2018-04-23,-0.0021724465327284514
2018-04-24,-0.006335300486223662
2018-04-25,-0.0006341015574302401
2018-04-26,0.005418457968192145
2018-04-27,-0.0009411621796951023
2018-04-30,-0.007917711787564768
2018-05-01,0.0038992272285251215
2018-05-02,0.0033194674441205056
2018-05-03,-0.007345296955958549
2018-05-04,0.013051755418958266
2018-05-07,0.0069216568659127625
2018-05-08,0.002472041989664083
2018-05-09,0.006396520038784745
2018-05-10,0.0034570445736434112
2018-05-11,0.00230013524854745
2018-05-14,-0.000265554084597998
2018-05-15,0.0006975276073619631
2018-05-16,0.008170597352276397
2018-05-17,0.006762512273901808
2018-05-18,4.813363460296968e-05
2018-05-21,0.003974109243697479
2018-05-22,-0.006055473514211886
2018-05-23,0.0013757443438914027
2018-05-24,-6.613643711606858e-05
2018-05-25,-0.0005640180761781795
2018-05-29,-0.0036011937984496123
2018-05-30,0.012263743622860835
2018-05-31,-0.005799403877221325
2018-06-01,0.00796267377260982
2018-06-04,0.0017402653324725629
2018-06-05,0.00733440735958683
2018-06-06,0.006464842326332794
2018-06-07,-0.0017036655896607432
2018-06-08,0.002255048465266559
2018-06-11,0.0036766784098254688
2018-06-12,0.002845454134366925
2018-06-13,-0.0025150332794830373
2018-06-14,0.0036158220284237728
2018-06-15,0.0019724827140549274
2018-06-18,0.004081496609622215
2018-06-19,-0.0005037211631663973
2018-06-20,0.006271169036845507
2018-06-21,-0.011017701357466063
2018-06-22,0.004538892903225807
2018-06-25,-0.014347035138620245
2018-06-26,0.006132261290322581
2018-06-27,-0.015638184015468903
2018-06-28,0.001291104381443299
2018-06-29,7.043926735218509e-05
2018-07-02,0.006039010286081646
2018-07-03,0.0030111125040180008
2018-07-05,0.009934151028277636
2018-07-06,0.007905113504823152
2018-07-09,0.00685774332582824
2018-07-10,-0.004213984872867718
2018-07-11,-0.007607835854522047
2018-07-12,0.003973497264242034
2018-07-13,-0.001398317245817246
2018-07-16,-0.0061678840579710145
2018-07-17,0.004608357901512713
2018-07-18,0.0021334824589636305
2018-07-19,0.002891083922829582
2018-07-20,-0.0023237560270009646
2018-07-23,4.569739800835205e-05
2018-07-24,-0.00904385223257308
2018-07-25,0.002216221187800963
2018-07-26,0.004908821944177093
2018-07-27,-0.016858601089394423
2018-07-30,-0.0057962431133888525
2018-07-31,0.008984099006728613
2018-08-01,-0.0019402144918243029
2018-08-02,0.0053254496794871795
2018-08-03,-0.003790062479974367
2018-08-06,0.005532294362588085
2018-08-07,0.0022424146107016983
2018-08-08,-0.00038891672005124915
2018-08-09,0.003340487343800064
2018-08-10,-0.0036641972462375925
2018-08-13,-0.0063196502399999995
2018-08-14,0.0074354608
2018-08-15,-0.013769174399999999
2018-08-16,0.00852458976
2018-08-17,0.0033343156209987195
2018-08-20,0.003915131882202305
2018-08-21,0.00980055815443768
2018-08-22,0.004355324575456584
2018-08-23,-0.002820016025641026
2018-08-24,0.005376795512820513
2018-08-27,0.0027341529826812056
2018-08-28,0.0004317851186658114
2018-08-29,0.004769636626042335
2018-08-30,-0.001316647322859891
2018-08-31,0.005270954472587368
2018-09-04,-0.000762144048764838
2018-09-05,-0.004448135065768367
2018-09-06,-0.008140120628809753
2018-09-07,-0.001465839216944801
2018-09-10,0.0018852166934189404
2018-09-11,0.00016222632423756016
2018-09-12,-0.0016314459069020869
2018-09-13,0.000272961810012837
2018-09-14,0.0017838752005133142
2018-09-17,-0.007559749919846104
2018-09-18,0.005838379166666667
2018-09-19,-0.0001434164796409104
2018-09-20,0.011171988457839052
2018-09-21,-0.0033536995515695066
2018-09-24,-0.00314077632
2018-09-25,0.00026015552
2018-09-26,-0.00694386784
2018-09-27,-0.00011624688199552289
2018-09-28,0.001913712368168744
2018-10-01,-0.008741662615925808
2018-10-02,-0.007569815856777494
2018-10-03,0.010079282928388746
2018-10-04,-0.01282605179028133
2018-10-05,-0.008788417705337169
2018-10-08,-0.003445978587408118
2018-10-09,-0.00406493574168798
2018-10-10,-0.028491761752478414
2018-10-11,-0.016274447823303458
2018-10-12,0.005010017274472169
2018-10-15,0.0025752811900191935
2018-10-16,0.024219363403710812
2018-10-17,-0.00462599936
2018-10-18,-0.015513667626359565
2018-10-19,-0.012176335785097537
2018-10-22,-0.004927035177486409
2018-10-23,-0.008528862168212343
2018-10-24,-0.035476529750479845
2018-10-25,0.017696901183242724
2018-10-26,-0.011039778381835624
2018-10-29,-0.007265807864450129
2018-10-30,0.01665573921380633
2018-10-31,0.007767482582294662
2018-11-01,0.023602022037687638
2018-11-02,0.002694699041533546
2018-11-05,-0.0005287475231703419
2018-11-06,0.004632635143769968
2018-11-07,0.014388077660594438
2018-11-08,-0.0017343574168797954
2018-11-09,-0.01727207483210745
2018-11-12,-0.020077643975711087
2018-11-13,-0.002651766379034835
2018-11-14,-0.010048648674544873
2018-11-15,0.013011321622484829
2018-11-16,0.0005562400127836368
2018-11-19,-0.018685873441994245
2018-11-20,-0.0183931041866411
2018-11-21,0.014481444053708438
2018-11-23,0.0011950201406649616
2018-11-26,0.007946958439897699
2018-11-27,-0.00783216346769034
2018-11-28,0.022747797504798467
2018-11-29,-0.0016294779129321381
2018-11-30,0.0027165044814340586
2018-12-03,0.010271189180537772
2018-12-04,-0.03837505441741357
2018-12-06,-0.005596831626120358
2018-12-07,-0.01725613864873519
2018-12-10,-0.004706953585147247
2018-12-11,-0.00423424032
2018-12-12,0.008999172535211267
2018-12-13,-0.016334580397181296
2018-12-14,-0.016294412235746316
2018-12-17,-0.02266839609349984
2018-12-18,-0.006043011210762332
2018-12-19,-0.018074754003843688
2018-12-20,-0.020012735426008968
2018-12-21,-0.023633430586726515
2018-12-24,-0.017649198461045207
2018-12-26,0.041279681949342735
2018-12-27,0.0015442571336966974
2018-12-28,0.010116557550496955
2018-12-31,0.009371314102564102
2019-01-02,0.02056516955684008
2019-01-03,-0.01567083204881182
2019-01-04,0.03912872341792483
2019-01-07,0.020008174807197944
2019-01-08,0.011722080976863752
2019-01-09,0.011495972061657032
2019-01-10,0.0027897635721169287
2019-01-11,0.0025784063002250077
2019-01-14,-0.009020001928640308
2019-01-15,0.008240881028938907
2019-01-16,0.005306881312319074
2019-01-17,0.006778657556270096
2019-01-18,0.010746510446801673
2019-01-22,-0.017466250482315114
2019-01-23,-0.0028051591639871383
2019-01-24,0.007021242122186495
2019-01-25,0.013379597427652734
2019-01-28,-0.006497259890640077
2019-01-29,-0.0006466069475715663
2019-01-30,0.010836510131875202
2019-01-31,0.008151434866516566
2019-02-01,0.00435777037037037
2019-02-04,0.010950587628865978
2019-02-05,0.0024446971649484533
2019-02-06,-0.0006603166881443299
2019-02-07,-0.010386307989690723
2019-02-08,0.0003174571520618556
2019-02-11,0.007019708722240102
2019-02-12,0.013473150676110754
2019-02-13,0.005344549726424204
2019-02-14,0.0007022714101738571
2019-02-15,0.014284384739214425
2019-02-19,0.004953866387636832
2019-02-20,0.002413103670315518
2019-02-21,-0.002181344172569221
2019-02-22,0.00911774492753623
2019-02-25,0.0007663639291465378
2019-02-26,-0.00486961191626409
2019-02-27,0.0015795214170692433
2019-02-28,-0.003975797101449275
2019-03-01,0.010358897840799226
2019-03-04,-0.006246450209474702
2019-03-05,-0.00528570267655595
2019-03-06,-0.018090291935483872
2019-03-07,-0.005633706774193548
2019-03-08,-0.0027239609299321925
2019-03-11,0.017189511785598965
2019-03-12,0.002539682596060704
2019-03-13,0.004914816919599612
2019-03-14,-0.0017595949612403102
2019-03-15,0.004379318798449612
2019-03-18,0.007424658591731266
2019-03-19,-0.003795304263565891
2019-03-20,-0.006097360465116278
2019-03-21,0.007627588501291989
2019-03-22,-0.03149278255250404
2019-03-25,0.0010435596122778676
2019-03-26,0.008316198320413436
2019-03-27,-0.0035385234248788366
2019-03-28,0.005748637919896641
2019-03-29,0.003531094284791734
2019-04-01,0.011692324175824177
2019-04-02,-0.000883112152553329
2019-04-03,0.002630529563812601
2019-04-04,0.004904245557350566
2019-04-05,0.010448433505487412
2019-04-08,-0.00030092898644286636
2019-04-09,-0.011398679793415106
2019-04-10,0.00974070819883796
2019-04-11,-0.0020301010329244673
2019-04-12,0.0030616882865440466
2019-04-15,-0.005101930622781543
2019-04-16,0.0031385617542728154
2019-04-17,-0.009025067698259188
2019-04-18,-0.0003238824097938145
2019-04-22,-0.0024063666773882276
2019-04-23,0.013781653697749197
2019-04-24,-0.0007681762624638147
2019-04-25,-0.007299419697457355
2019-04-26,0.009212219504345026
2019-04-29,0.005036583199227551
2019-04-30,-0.005250872224010299
2019-05-01,-0.009666915352429997
2019-05-02,0.0004622586872586872
2019-05-03,0.018708828883885493
2019-05-06,0.001012097074895532
2019-05-07,-0.01667181356477017
2019-05-08,-0.0011443093478959202
2019-05-09,-0.004322568079640334
2019-05-10,0.0014380820775889709
2019-05-13,-0.029684460897435896
2019-05-14,0.012625740064102563
2019-05-15,0.0032910038436899424
2019-05-16,0.003056047741108619
2019-05-17,-0.011908641781480295
2019-05-20,-0.005529595131326073
2019-05-21,0.011122524023062139
2019-05-22,-0.009181593209481101
2019-05-23,-0.020225375120230843
2019-05-24,0.006493272028196092
2019-05-28,-0.007275519064402435
2019-05-29,-0.009240822549647662
2019-05-30,-0.002275453875720692
2019-05-31,-0.015307321268417681
2019-06-03,0.002288836322869955
2019-06-04,0.024308906149903907
2019-06-05,-0.005792342408712364
2019-06-06,-0.0045267934016655995
2019-06-07,0.007922472302273454
2019-06-10,0.007060034891165173
2019-06-11,-0.00383538776817163
2019-06-12,-0.0007700515695067264
2019-06-13,0.011439286583413383
2019-06-14,-0.008685117835414665
2019-06-17,0.004825105027217419
2019-06-18,0.012409178994556517
2019-06-19,0.003686857097084268
2019-06-20,0.004734489266260814
2019-06-21,-0.004184189958426607
2019-06-24,-0.011479257352941176
2019-06-25,-0.005847354539641943
2019-06-26,0.0005679421355498721
2019-06-27,0.014283540920716114
2019-06-28,0.01576125
2019-07-01,0.004026132460900096
2019-07-02,-0.006786017891373802
2019-07-03,0.006649204407537528
2019-07-05,0.002884522669220945
2019-07-08,-0.007440028726460261
2019-07-09,-0.0003062266922094509
2019-07-10,0.0020107177522349935
2019-07-11,-0.001774198914431673
2019-07-12,0.005263489939316513
2019-07-15,-0.003896157457681252
2019-07-16,-0.0008659990415335462
2019-07-17,-0.008116590226764612
2019-07-18,-0.0008224217252396167
2019-07-19,-0.003638599808673469
2019-07-22,-0.0024735390500478164
2019-07-23,0.003599730462519936
2019-07-24,0.012804160714285716
2019-07-25,-0.011876480867346939
2019-07-26,0.009763528494110156
2019-07-29,-0.006781035361580121
2019-07-30,0.010686207390888817
2019-07-31,-0.007933421924792862
2019-08-01,-0.01665669706632653
2019-08-02,-0.01063187507966858
2019-08-05,-0.029866586998087953
2019-08-06,0.007311261950286807
2019-08-07,2.161300605674249e-06
2019-08-08,0.017126526466836735
2019-08-09,-0.010364485486443382
2019-08-12,-0.010307666347687401
2019-08-13,0.01033486283891547
2019-08-14,-0.029565521697511168
2019-08-15,-0.0065241895341416715
2019-08-16,0.022249380542264753
2019-08-19,0.012407341307814993
2019-08-20,-0.005382943540669856
2019-08-21,0.009341358532695375
2019-08-22,-0.0031742902711323763
2019-08-23,-0.02921293811802233
2019-08-26,0.0107268673046252
2019-08-27,-0.014093024880382774
2019-08-28,0.012075924401913877
2019-08-29,0.016201443381180222
2019-08-30,-0.0003307443345036706
2019-09-03,-0.01376607503192848
2019-09-04,0.009720115863389722
2019-09-05,0.018873297797638047
2019-09-06,4.740504308969045e-05
2019-09-09,0.013002200063816208
2019-09-10,0.017056956618819778
2019-09-11,0.020373490114795917
2019-09-12,-0.0011921367984693877
2019-09-13,0.0026972394770408167
2019-09-16,0.0066308182107609045
2019-09-17,-0.005805722151495863
2019-09-18,-0.005746685887225231
2019-09-19,-0.004375307422746098
2019-09-20,5.402992677491245e-05
2019-09-23,-0.0018127222929936306
2019-09-24,-0.01752391395793499
2019-09-25,0.006992222966507177
2019-09-26,-0.011796108168474793
2019-09-27,-0.007195599043062201
2019-09-30,0.0015133621569878748
2019-10-01,-0.01956965794511806
2019-10-02,-0.012908830357142858
2019-10-03,0.004947706951530613
2019-10-04,0.008230829936305731
2019-10-07,-0.0024439716470213446
2019-10-08,-0.017264376035691524
2019-10-09,0.0029328090532355754
2019-10-10,0.0021909263392857143
2019-10-11,0.016514893779904307
2019-10-14,-0.004775620216836735
2019-10-15,0.01200930325255102
2019-10-16,0.002415246492346939
2019-10-17,0.007550505739795918
2019-10-18,-0.004638755817660185
2019-10-21,0.009916079375199234
2019-10-22,-0.0001706285076530612
2019-10-23,0.00341704368622449
2019-10-24,-0.003036954385964912
2019-10-25,0.0066484870813397125
2019-10-28,0.0066594515306122445
2019-10-29,0.00019107277369932973
2019-10-30,-0.0028524064495530016
2019-10-31,-0.006429905491698595
2019-11-01,0.018109020440753753
2019-11-04,0.008715505585700606
2019-11-05,0.004209795084583466
2019-11-06,-0.00737155328653478
2019-11-07,0.002507514677728143
2019-11-08,0.0027885527910685806
2019-11-11,-0.0028892360446570974
2019-11-12,-0.0008699365028717294
2019-11-13,-0.004474140121289499
2019-11-14,-0.0015353431216086817
2019-11-15,0.0038711420363868494
2019-11-18,-0.003365614107883817
2019-11-19,0.0031835304819661666
2019-11-20,-0.0035632397828863345
2019-11-21,-0.0022753061681048256
2019-11-22,0.004857950463406839
2019-11-25,0.017650099744245522
2019-11-26,-0.00015367167519181584
2019-11-27,0.006723363171355499
2019-11-29,-0.00042891717300927397
2019-12-02,-0.0087781952
2019-12-03,-0.00326799776
2019-12-04,0.0067292669654289376
2019-12-05,-0.0010701573213713555
2019-12-06,0.012268575
2019-12-09,0.0002573212568130811
2019-12-10,0.0019492100032061559
2019-12-11,0.002417333440205194
2019-12-12,0.01085662359730683
2019-12-13,-0.003054229240141071
2019-12-16,0.0068524213393143215
2019-12-17,0.003699286080821039
2019-12-18,0.002262817190506735
2019-12-19,0.0049656836701957
2019-12-20,0.003986179339108117
2019-12-23,0.005817989727126806
2019-12-24,0.004839495666131621
2019-12-26,0.00192013772070626
2019-12-27,-0.004953765083440308
2019-12-30,-0.0017513587026332692
2019-12-31,0.0063078654463712275
2020-01-02,0.0018008348329048845
2020-01-03,-0.003978820372750643
2020-01-06,0.005684481672025723
2020-01-07,-0.0010019241401478625
2020-01-08,0.00046507521697203476
2020-01-09,0.002597225723472669
2020-01-10,-0.00402532003859762
2020-01-13,0.004624842664092664
2020-01-14,0.004421688002573174
2020-01-15,0.0039596203346203345
2020-01-16,0.015720977462974885
2020-01-17,-0.0021195877051818474
2020-01-21,-0.004315829794079794
2020-01-22,-0.0011025826898326898
2020-01-23,-0.0011598274863212103
2020-01-24,-0.013129034116511102
2020-01-27,-0.013549407657657657
2020-01-28,0.00836958158995816
2020-01-29,-0.005743368725868726
2020-01-30,-0.0028051267696267697
2020-01-31,-0.018565826632357674
2020-02-03,0.007094202893890676
2020-02-04,0.012725219614147909
2020-02-05,0.0166670884244373
2020-02-06,-0.0030632319073657125
2020-02-07,-0.012196995501285347
2020-02-10,0.004211566013491808
2020-02-11,0.006580863110539846
2020-02-12,0.00715952088688946
2020-02-13,0.00020507007393121175
2020-02-14,-0.0022627762777242045
2020-02-18,0.0007876842443729902
2020-02-19,0.007069053376205788
2020-02-20,0.004768829848825989
2020-02-21,-0.009333395176848875
2020-02-24,-0.02942252604501608
2020-02-25,-0.03373601736334405
2020-02-26,-0.012621656270096464
2020-02-27,-0.03328452926045016
2020-02-28,-0.006381651880424301
2020-03-02,0.02317429636772742
2020-03-03,-0.021401234972677593
2020-03-04,0.02817942379421222
2020-03-05,-0.03559600803858521
2020-03-06,-0.024603538263665594
2020-03-09,-0.09893220070762304
2020-03-10,0.02721938179478932
2020-03-11,-0.06074951752975233
2020-03-12,-0.10897057799935671
2020-03-13,0.07318129720167256
2020-03-16,-0.12922673721453842
2020-03-17,0.055381844322933416
2020-03-18,-0.10833209810228368
2020-03-19,0.07869237516087517
2020-03-20,-0.02288129568854569
2020-03-23,-0.017789596333226118
2020-03-24,0.09958763288288289
2020-03-25,0.028033986812479896
2020-03-26,0.05852106018667525
2020-03-27,-0.04251575024139041
2020-03-30,0.015250437399420662
2020-03-31,-0.0015330064370775668
2020-04-01,-0.06680439916237113
2020-04-02,0.010434157216494846
2020-04-03,-0.02591987238156623
2020-04-06,0.07727468104280656
2020-04-07,0.006456140096618357
2020-04-08,0.047600317552334945
2020-04-09,0.04374699388280747
2020-04-13,-0.015980228911783644
2020-04-14,0.020386084003862246
2020-04-15,-0.034373245252655296
2020-04-16,-0.010106527688345138
2020-04-17,0.0465606962962963
2020-04-20,-0.014414370048309179
2020-04-21,-0.01890839375402447
2020-04-22,0.01599073019961365
2020-04-23,0.015560635222150676
2020-04-24,0.015498648953301128
2020-04-27,0.04184168685567011
2020-04-28,0.01653315040257649
2020-04-29,0.05493028502415459
2020-04-30,-0.028329724726336124
2020-05-01,-0.036961971989697355
2020-05-04,0.006090619124275596
2020-05-05,0.002588946555054733
2020-05-06,-0.010801624154589372
2020-05-07,0.01969565003219575
2020-05-08,0.0372635196394076
2020-05-11,-0.0052484599033816425
2020-05-12,-0.028499292431561997
2020-05-13,-0.03418165185185185
2020-05-14,0.004217656360708535
2020-05-15,0.014312736876006442
2020-05-18,0.06069051239935588
2020-05-19,-0.016097372422680414
2020-05-20,0.030849826731078906
2020-05-21,0.0010088791881443298
2020-05-22,0.006246834782608696
2020-05-26,0.031208918840579712
2020-05-27,0.03106790985189955
2020-05-28,-0.01925018228663446
2020-05-29,-0.004580767471819646
2020-06-01,0.009866701386649468
2020-06-02,0.011410871009351823
2020-06-03,0.028172556272170267
2020-06-04,0.011725473412826298
2020-06-05,0.04243180927835052
2020-06-08,0.03852715882731959
2020-06-09,-0.017037283827319588
2020-06-10,-0.027409103737113406
2020-06-11,-0.07928647712628865
2020-06-12,0.02695709694041868
2020-06-15,0.021198923472668812
2020-06-16,0.02490705337620579
2020-06-17,-0.016439290996784567
2020-06-18,0.0015826662379421223
2020-06-19,-0.003302092896174863
2020-06-22,0.005516913504823151
2020-06-23,0.0034405252330440375
2020-06-24,-0.03296141915782706
2020-06-25,0.01440353536977492
2020-06-26,-0.0258715347266881
2020-06-29,0.025744919266645225
2020-06-30,0.012505102060528009
2020-07-01,-0.008629569542820348
2020-07-02,0.0035150582930756845
2020-07-06,0.010418976512226513
2020-07-07,-0.01948160296010296
2020-07-08,0.006980378056628057
2020-07-09,-0.020626552267610163
2020-07-10,0.01815272531360566
2020-07-13,-0.01519984308681672
2020-07-14,0.014434348762455803
2020-07-15,0.034638019280205656
2020-07-16,-0.0019012642237222757
2020-07-17,0.005916285025706941
2020-07-20,-0.0008705796403339756
2020-07-21,0.017007829370179948
2020-07-22,-0.0008946314267352185
2020-07-23,-0.0014617748152907163
2020-07-24,-0.010964327231856134
2020-07-27,0.0074606183450930084
2020-07-28,-0.008335358678216234
2020-07-29,0.018442728498074455
2020-07-30,-0.002788699100834939
2020-07-31,-0.011229770391779062
2020-08-03,0.01816614588688946
2020-08-04,0.008737838263665594
2020-08-05,0.016339128897460625
2020-08-06,-0.0021145717956954704
2020-08-07,0.01444167458279846
2020-08-10,0.015720597819114817
2020-08-11,-0.005339076010262989
2020-08-12,0.004102903143040411
2020-08-13,-0.00012016383456235977
2020-08-14,0.0011180246873998077
2020-08-17,0.002740594932649134
2020-08-18,-0.00848456684834883
2020-08-19,0.0008216380250080155
2020-08-20,-0.005499406600448574
2020-08-21,-0.01045104005126562
2020-08-24,0.008275612748238308
2020-08-25,0.00403981690140845
2020-08-26,-0.00593938432
2020-08-27,0.0008063619199999999
2020-08-28,0.0115636976
2020-08-31,-0.00919871648
2020-09-01,0.00600024512
2020-09-02,0.009517748079385404
2020-09-03,-0.02650758802816901
2020-09-04,-0.005125418373879642
2020-09-08,-0.01482375527831094
2020-09-09,0.011999640435060781
2020-09-10,-0.010588902399999999
2020-09-11,-0.0043692288000000004
2020-09-14,0.025685282240000003
2020-09-15,0.0019002987843889955
2020-09-16,0.009936732331307962
2020-09-17,-0.0012618875399361023
2020-09-18,0.0004400746887966805
2020-09-21,-0.03257692606755896
2020-09-22,0.0013065960496973558
2020-09-23,-0.030284909872611464
2020-09-24,-0.0020398663271801397
2020-09-25,0.015287628062360802
2020-09-28,0.02130274062301335
2020-09-29,-0.0005526048951048951
2020-09-30,0.0008916480127186009
2020-10-01,0.009569084287531808
2020-10-02,0.005002078512396695
2020-10-05,0.024192849158463006
2020-10-06,-0.004883203174603175
2020-10-07,0.022747948253968253
2020-10-08,0.013856144807875517
2020-10-09,0.004510927664974619
2020-10-12,0.00498068177496038
2020-10-13,-0.006334707897240724
2020-10-14,-0.006581231525531241
2020-10-15,0.007838894069140501
2020-10-16,-0.0007143014263074486
2020-10-19,-0.01145667848101266
2020-10-20,0.002489109493670886
2020-10-21,-0.006357824683544303
2020-10-22,0.014033613535736875
2020-10-23,0.0064104905123339665
2020-10-26,-0.023505320796460175
2020-10-27,-0.009434828174352495
2020-10-28,-0.029521858180669613
2020-10-29,0.011731724061810153
2020-10-30,-0.0132708
2020-11-02,0.017274492433795714
2020-11-03,0.026947622795969774
2020-11-04,-0.0018972137909319898
2020-11-05,0.026786346662468513
2020-11-06,-0.009522158375314862
2020-11-09,0.040821231665092855
2020-11-10,0.017059233406731676
2020-11-11,0.0019693635220125786
2020-11-12,-0.014207927335640138
2020-11-13,0.019854421963499055
2020-11-16,0.023782158805031445
2020-11-17,0.0033398109468386287
2020-11-18,-0.007005645394530022
2020-11-19,0.009526897516504243
2020-11-20,0.0015370232339089484
2020-11-23,0.018737166405515513
2020-11-24,0.021279876682316116
2020-11-25,-0.0004815089201877934
2020-11-27,0.00751307639323732
2020-11-30,-0.013358954957772912
2020-12-01,0.006586010006253909
2020-12-02,0.003842791875
2020-12-03,0.0073645796875
2020-12-04,0.0236431686972821
2020-12-07,-0.0003455054602184088
2020-12-08,0.012800767695665731
2020-12-09,-0.004560979114713217
2020-12-10,0.011617347447073476
2020-12-11,-0.005508093963907903
2020-12-14,-0.002400732525629077
2020-12-15,0.01790949596273292
2020-12-16,-0.001085702795031056
2020-12-17,0.013031009618367981
2020-12-18,-0.0024489692832764505
2020-12-21,0.0008728604651162791
2020-12-22,0.008072571029776675
2020-12-23,0.01269401364764268
2020-12-24,-0.0026170760161340367
2020-12-28,-0.0009882327024511323
2020-12-29,-0.014429690660874961
2020-12-30,0.011429249457027614
2020-12-31,-0.0018925893854748604
2021-01-04,-0.00677927653631285
2021-01-05,0.017921450852713176
2021-01-06,0.029438501549907004
2021-01-07,0.0190416253101737
2021-01-08,-0.002141572403100775
2021-01-11,0.0029878215060427644
2021-01-12,0.01841087983895943
2021-01-13,-0.004095697335811648
2021-01-14,0.018427333333333334
2021-01-15,-0.010845506806930694
2021-01-19,0.015881450386398762
2021-01-20,0.0062867607418856265
2021-01-21,-0.005536995981452859
2021-01-22,0.010698260197775032
2021-01-25,0.003990529339098208
2021-01-26,-0.005038834156886967
2021-01-27,-0.022443516368128476
2021-01-28,0.003178706390861377
2021-01-29,-0.013035391908585546
2021-02-01,0.02380034393331275
2021-02-02,0.01762048071582845
2021-02-03,0.011457285009253547
2021-02-04,0.019407985507246376
2021-02-05,0.011960230366492146
2021-02-08,0.029092847478474782
2021-02-09,0.0064109529520295205
2021-02-10,-0.0015047359360590223
2021-02-11,-0.0017195132145052243
2021-02-12,0.004631649079754601
2021-02-16,0.002935618638871858
2021-02-17,-0.005531945415516713
2021-02-18,-0.014988581366840332
2021-02-19,0.016751424456022065
2021-02-22,-0.004821924892703862
2021-02-23,-0.014265288166768853
2021-02-24,0.02244398712446352
2021-02-25,-0.032247191600245244
2021-02-26,-0.006560690987124464
2021-03-01,0.032906279055504445
2021-03-02,-0.011527641324340896
2021-03-03,-0.010272374616799508
2021-03-04,-0.030065353049341097
2021-03-05,0.019608459558823527
2021-03-08,0.005767079656862744
2021-03-09,0.02280475015309247
2021-03-10,0.014590473974280465
2021-03-11,0.023115371900826447
2021-03-12,0.006485497552019584
2021-03-15,0.006392385203301743
2021-03-16,-0.014851588019559903
2021-03-17,0.0062634435952308165
2021-03-18,-0.02246867665036675
2021-03-19,0.009245747480916031
2021-03-22,-0.0065843489932885906
2021-03-23,-0.032772910948459896
2021-03-24,-0.020970286062824032
2021-03-25,0.017633933272394882
2021-03-26,0.011339772228989038
2021-03-29,-0.022648792338096687
2021-03-30,0.010977617137648131
2021-03-31,0.012761390458827106
2021-04-01,0.016316990580370706
2021-04-05,0.005081221986030975
2021-04-06,-0.0016123157415832575
2021-04-07,-0.01369159223300971
2021-04-08,0.007452094660194176
2021-04-09,-0.0007091444174757282
2021-04-12,-0.008029315134971186
2021-04-13,-0.002424609341825902
2021-04-14,0.006168739460115256
2021-04-15,0.0008030133454655748
2021-04-16,-0.0020878012723417145
2021-04-19,-0.012256243267776096
2021-04-20,-0.01768187908101572
2021-04-21,0.02366279915305505
2021-04-22,-0.00038508194738433625
2021-04-23,0.016182801328502413
2021-04-26,0.013211450738174148
2021-04-27,-4.7318072289156665e-05
2021-04-28,0.004359576506024096
2021-04-29,-0.0022409243975903613
2021-04-30,-0.010641453341360626
2021-05-03,0.007043325203252032
2021-05-04,-0.012931912375790423
2021-05-05,-0.0014195108368452738
2021-05-06,-0.005312228640192539
2021-05-07,0.012625740072202166
2021-05-10,-0.020204084159903817
2021-05-11,-0.0011969377817853922
2021-05-12,-0.024916646227832885
2021-05-13,0.00451712353471596
2021-05-14,0.025728389657245943
2021-05-17,0.005296652239254584
2021-05-18,0.0005565978358881876
2021-05-19,-0.006455846800841093
2021-05-20,0.010928256156156155
2021-05-21,0.004491870009006305
2021-05-24,0.002397528069648754
2021-05-25,-0.011535057074196456
2021-05-26,0.017328253529588465
2021-05-27,0.012029242870009007
2021-05-28,-0.0004230560887822435
2021-06-01,0.0103301398139814
2021-06-02,0.0020120858601020714
2021-06-03,-0.0033081891323926745
2021-06-04,0.004073987391173822
2021-06-07,0.011343004204204204
2021-06-08,0.009627814114114114
2021-06-09,-0.004634246246246246
2021-06-10,-0.0030767319123386374
2021-06-11,0.006739126874625075
2021-06-14,-0.002533651574212894
2021-06-15,-0.003892751724137931
2021-06-16,-0.001674873725254949
2021-06-17,-0.009221708245877062
2021-06-18,-0.016733340922708208
2021-06-21,0.014683825644098262
2021-06-22,0.0011680838825644099
2021-06-23,0.004973864889155183
2021-06-24,0.012662203293413173
2021-06-25,0.0031551076555023923
2021-06-28,-0.005151729907379743
2021-06-29,-0.004941882616487455
2021-06-30,4.314396654719233e-05
2021-07-01,0.006414614076946018
2021-07-02,-0.007325419249106078
2021-07-06,-0.013950411501787842
2021-07-07,-0.009070031287246722
2021-07-08,-0.007918423122765196
2021-07-09,0.01994789776453055
2021-07-12,0.0013034712369597615
2021-07-13,-0.01635222265275708
2021-07-14,-0.015165555886736215
2021-07-15,-0.0049557734048896835
2021-07-16,-0.01138301161751564
2021-07-19,-0.012968232142857142
2021-07-20,0.02415292261904762
2021-07-21,0.01803494224471569
2021-07-22,-0.012171047009818506
2021-07-23,0.001684134661117717
2021-07-26,0.0009850204747774481
2021-07-27,-0.010566942136498515
2021-07-28,0.01361209821958457
2021-07-29,0.0045198366923532894
2021-07-30,-0.006498013317549571
2021-08-02,0.0005988806146572104
2021-08-03,0.0013791719350073855
2021-08-04,-0.011322652675140406
2021-08-05,0.01648151078924032
2021-08-06,0.004835999409332546
2021-08-09,3.562119870091524e-05
2021-08-10,0.0027638668438145853
2021-08-11,0.0034067183348095663
2021-08-12,-0.0030973560673162094
2021-08-13,-0.01015243962208444
2021-08-16,-0.01184121110126956
2021-08-17,-0.011779274579273693
2021-08-18,-0.005896697962798937
2021-08-19,-0.013778953351048125
2021-08-20,0.015333043991733096
2021-08-23,0.020547963094183642
2021-08-24,0.011163422793032183
2021-08-25,0.004295293683589138
2021-08-26,-0.007324534554046072
2021-08-27,0.023163729394387
2021-08-30,-0.004290518617021276
2021-08-31,0.005125813183564884
2021-09-01,0.005586933195388708
2021-09-02,0.008103959195742165
2021-09-03,-0.004418746303962153
2021-09-07,-0.007264308284023669
2021-09-08,-0.011260796685409885
2021-09-09,0.0015688008286475288
2021-09-10,-0.007756525895235277
2021-09-13,0.0017642965374371116
2021-09-14,-0.013912874481941976
2021-09-15,0.009888352575488455
2021-09-16,0.0017735526004728133
2021-09-17,0.0020166605612998525
2021-09-20,-0.024549194444444443
2021-09-21,0.002737328508124077
2021-09-22,0.011894601654846335
2021-09-23,0.017252578683200473
2021-09-24,-0.0029942346698113207
2021-09-27,0.013746643488509135
2021-09-28,-0.02071586034177961
2021-09-29,-0.005245126619552416
2021-09-30,-0.006550277679623086
2021-10-01,0.011314513409961686
2021-10-04,-0.012992061837455831
2021-10-05,0.004417134275618375
2021-10-06,-0.00650379652532391
2021-10-07,0.01360569199057715
2021-10-08,-0.005372743302914336
2021-10-11,-0.004860053560918187
2021-10-12,0.006390916715715127
2021-10-13,0.0043242739846968805
2021-10-14,0.01122417652250662
2021-10-15,-0.003414401706886404
2021-10-18,-0.00208283956432146
2021-10-19,0.005631560365135454
2021-10-20,0.005460966735354724
2021-10-21,0.00258121554770318
2021-10-22,-0.002826003528374008
2021-10-25,0.008036826866549088
2021-10-26,-0.004709182245737802
2021-10-27,-0.016212080834803057
2021-10-28,0.01598798443465492
2021-10-29,0.001003599001175088
2021-11-01,0.023551259237536655
2021-11-02,0.00020852699530516435
2021-11-03,0.01513449310648284
2021-11-04,-0.002739874486803519
2021-11-05,0.008102419865221214
2021-11-08,0.004241626647144949
2021-11-09,-0.004405387408491947
2021-11-10,-0.013322273631840797
2021-11-11,0.006330878326996197
2021-11-12,0.002729998538439053
2021-11-15,-0.004172256215267622
2021-11-16,-0.0013487072243346008
2021-11-17,-0.01121578736472653
2021-11-18,-0.013114010230926629
2021-11-19,-0.00870121081871345
2021-11-22,-0.00824133109096227
2021-11-23,-0.004766309920983318
2021-11-24,0.006325500439238653
2021-11-26,-0.027142286592505855
2021-11-29,-0.005019956088992974
2021-11-30,-0.01671618810430706
2021-12-01,-0.02414691735052755
2021-12-02,0.022041176436107854
2021-12-03,-0.022774620639108765
2021-12-06,0.016222180991493106
2021-12-07,0.026500608976239366
2021-12-08,0.01078761150234742
2021-12-09,-0.020944523907304197
2021-12-10,-0.004820574486803519
2021-12-13,-0.014816064535054269
2021-12-14,-0.012202354166666667
2021-12-15,0.014476192488262912
2021-12-16,-0.01458905195186381
2021-12-17,0.008702027003228646
2021-12-20,-0.01604094423246258
2021-12-21,0.025142138538303493
2021-12-22,0.006849170237745817
2021-12-23,0.0123442140969163
2021-12-27,0.0028256763582966225
2021-12-28,-0.008619234430082256
2021-12-29,-0.00377681580493537
2021-12-30,0.006579170094007051
2021-12-31,-0.0014836558002936857
2022-01-03,0.01785431237143697
2022-01-04,-0.005090521611290797
2022-01-05,-0.031332233754778005
2022-01-06,0.000647132608056454
2022-01-07,-0.008291722058823529
2022-01-10,-0.006111446370849251
2022-01-11,0.013206131354687041
2022-01-12,-0.008127541287099619
2022-01-13,-0.012663087863649721
2022-01-14,2.5484723854289085e-05
2022-01-18,-0.02972299206815511
2022-01-19,-0.012746485311398353
2022-01-20,-0.015807246841022627
2022-01-21,-0.02254051866000588
2022-01-24,0.016777057907113462
2022-01-25,-0.010486226109967656
2022-01-26,-0.013224204645692444
2022-01-27,-0.024171738900323436
2022-01-28,0.01898780593942958
2022-01-31,0.03932061411764706
2022-02-01,0.014341848984398
2022-02-02,-0.015513208419193406
2022-02-03,-0.02178507651559741
2022-02-04,0.010747844908769864
2022-02-07,0.006462813823529412
2022-02-08,0.013025317647058823
2022-02-09,0.02096944588235294
2022-02-10,-0.015529065862981474
2022-02-11,-0.013761905671466353
2022-02-14,-0.007869238095238096
2022-02-15,0.03148528903263746
2022-02-16,-0.0007713289202706679
2022-02-17,-0.02314174896998234
2022-02-18,-0.011294907592701589
2022-02-22,-0.016517241318422603
2022-02-23,-0.019349703060623898
2022-02-24,0.02750191404180159
2022-02-25,0.02101925581395349
2022-02-28,0.0039407815076560665
2022-03-01,-0.015780956970232834
2022-03-02,0.01911696670595168
2022-03-03,-0.01464471744254567
2022-03-04,-0.017469163866784557
2022-03-07,-0.021357643173105276
2022-03-08,0.007671519174041299
2022-03-09,0.03215898437039221
2022-03-10,-0.004608191388970805
2022-03-11,-0.020330436706993214
2022-03-14,-0.024366741592920356
2022-03-15,0.016148437002065506
2022-03-16,0.0352938209439528
2022-03-17,0.025056515044247787
2022-03-18,0.014004672174682799
2022-03-21,-0.009421933903806433
2022-03-22,0.01508970079669519
2022-03-23,-0.015014767778105636
2022-03-24,0.01125144054293302
2022-03-25,-0.004603646798465624
2022-03-28,-0.0024327518442018295
2022-03-29,0.02551568181818182
2022-03-30,-0.016351903187721367
2022-03-31,-0.011620044864226683
2022-04-01,0.007610086507233539
2022-04-04,0.009442944198405669
2022-04-05,-0.021031941541186892
2022-04-06,-0.01616315525383707
2022-04-07,-0.004504537507383343
2022-04-08,-0.008484264323685766
2022-04-11,-0.010321385456695241
2022-04-12,-0.0011891087470449174
2022-04-13,0.018875874446085673
2022-04-14,-0.011342613227044582
2022-04-18,-0.013278592734790312
2022-04-19,0.02005830567040756
2022-04-20,-0.0001418295924394566
2022-04-21,-0.025380813053750735
2022-04-22,-0.022649537666174297
2022-04-25,0.009153034564254061
2022-04-26,-0.03388478043735224
2022-04-27,-0.0047332683215130025
2022-04-28,0.01642504813939752
2022-04-29,-0.02479085469580626
2022-05-02,0.014500717956290609
2022-05-03,0.004931100738552438
2022-05-04,0.023990508714918757
2022-05-05,-0.039489000295508274
2022-05-06,-0.0200094128250591
2022-05-09,-0.04725698345642541
2022-05-10,-0.005120542097488921
2022-05-11,-0.0322690023633678
2022-05-12,0.015893156868537667
2022-05-13,0.03946975288205735
2022-05-16,-0.007062499852202188
2022-05-17,0.03357762803075104
2022-05-18,-0.035495346631205675
2022-05-19,0.0048836219331953885
2022-05-20,-0.002562401418859001
2022-05-23,0.009053138716356107
2022-05-24,-0.023462624556213015
2022-05-25,0.018647661237785017
2022-05-26,0.022706051228901392
2022-05-27,0.03005816168196624
2022-05-31,-0.00833145616113744
2022-06-01,-0.010782243259259259
2022-06-02,0.025940243259259258
2022-06-03,-0.006105941908713693
2022-06-06,-0.002109618074074074
2022-06-07,0.01644154162962963
2022-06-08,-0.004413454060462359
2022-06-09,-0.022824193835210435
2022-06-10,-0.03341864571597984
2022-06-13,-0.0506032090127483
2022-06-14,-0.0036043201897420695
2022-06-15,0.019094652341434502
2022-06-16,-0.040969037640782455
2022-06-17,0.017835768227623002
2022-06-21,0.016756858032009485
2022-06-22,0.0012375475837533352
2022-06-23,0.018679081257413997
2022-06-24,0.020050719157769868
2022-06-27,0.0010484909522396916
2022-06-28,-0.021359481305637983
2022-06-29,-0.012698555192878339
2022-06-30,-0.006417484866468842
2022-07-01,0.010648793523469995
2022-07-05,0.014059133689839572
2022-07-06,-0.004375445732976509
2022-07-07,0.028568301011302796
2022-07-08,0.0032669928613920287
2022-07-11,-0.022480846519928616
2022-07-12,-0.00024719571683521713
2022-07-13,-0.0005514001785182981
2022-07-14,-0.012100503124070216
2022-07-15,0.01895325409104433
2022-07-18,-0.0018055429931567986
2022-07-19,0.03205248110681345
2022-07-20,0.018807544642857145
2022-07-21,0.00521615673420739
2022-07-22,-0.021715151415797315
2022-07-25,0.0014648884913536075
2022-07-26,-0.011262790399522958
2022-07-27,0.02394884168157424
2022-07-28,0.009941380554727111
2022-07-29,0.005302196897374701
2022-08-01,0.0009491443914081147
2022-08-02,0.004588894093078759
2022-08-03,0.01993691524917935
2022-08-04,0.00612347448522829
2022-08-05,0.009938929552238806
2022-08-08,0.012257254029850747
2022-08-09,-0.01932020447761194
2022-08-10,0.031162474029850746
2022-08-11,0.004170510454002389
2022-08-12,0.021023457424559307
2022-08-15,0.0052749584578601315
2022-08-16,-3.442558278541537e-05
2022-08-17,-0.017237055007473842
2022-08-18,0.003694255007473842
2022-08-19,-0.023738336023916295
2022-08-22,-0.022515148923444975
2022-08-23,0.002521245587795393
2022-08-24,0.010409125934789112
2022-08-25,0.014213606640741849
2022-08-26,-0.03328046993718217
2022-08-29,-0.009036979054458409
2022-08-30,-0.01431967284688995
2022-08-31,-0.004049712918660287
2022-09-01,-0.009748554890816632
2022-09-02,-0.006291590487586
2022-09-06,-0.009910090637152258
2022-09-07,0.022117074483996413
2022-09-08,0.009788714456749477
2022-09-09,0.018472322358575276
2022-09-12,0.010710780473195567
2022-09-13,-0.03585382684242061
2022-09-14,-0.00025010368594546005
2022-09-15,-0.004512167865707435
2022-09-16,-0.01772853101588253
2022-09-19,0.0011669520383693044
2022-09-20,-0.017175497601918464
2022-09-21,-0.0155978456235012
2022-09-22,-0.022651964028776977
2022-09-23,-0.024331853161522324
2022-09-26,-0.013873183398261912
2022-09-27,0.004562564748201439
2022-09-28,0.030846465227817744
2022-09-29,-0.024334307853717024
2022-09-30,-0.006454273463268366
2022-10-03,0.026450565556555655
2022-10-04,0.03967833643457383
2022-10-05,-0.006417460222155509
2022-10-06,-0.005444257280096067
2022-10-07,-0.032072719951923075
2022-10-10,-0.009118029447115384
2022-10-11,-0.004244148737980769
2022-10-12,-0.0030930324616771864
2022-10-13,0.020155191879699247
2022-10-14,-0.023981033694344164
2022-10-17,0.028036617815227205
2022-10-18,0.011911024382901867
2022-10-19,-0.019639531485387166
2022-10-20,-0.008127351416515974
2022-10-21,0.016780048250904706
2022-10-24,0.0014744704463208684
2022-10-25,0.030700009951749093
2022-10-26,0.003921463069038287
2022-10-27,-0.0004440820018088634
2022-10-28,0.020175079915560917
2022-10-31,-0.0002099221719457013
2022-11-01,0.0036566985515992757
2022-11-02,-0.029833466505733253
2022-11-03,-0.0058529124660428615
2022-11-04,0.004945733615221987
2022-11-07,0.0051213398791540785
2022-11-08,-0.0016642253776435047
2022-11-09,-0.02977551812688822
2022-11-10,0.06114297129042007
2022-11-11,0.020260280362537762
2022-11-14,-0.011592831722054381
2022-11-15,0.0138099138712602
2022-11-16,-0.020631120012091896
2022-11-17,-0.00874687692772906
2022-11-18,0.0011208775325068038
2022-11-21,-0.008939677858439202
2022-11-22,0.008882308925869893
2022-11-23,0.006967924659606657
2022-11-25,0.003262738880484115
2022-11-28,-0.02037765597579425
2022-11-29,0.0007537524962178518
2022-11-30,0.026494640048396852
2022-12-01,0.002475584922797457
2022-12-02,0.006416155313351499
2022-12-05,-0.025125895246745383
2022-12-06,-0.015773476075105996
2022-12-07,-0.006680905208964263
2022-12-08,0.00786085493640218
2022-12-09,-0.009376387155407452
2022-12-12,0.010283625568009692
2022-12-13,0.006476937575757576
2022-12-14,-0.005140809451681309
2022-12-15,-0.02347573393939394
2022-12-16,-0.007521570779023947
2022-12-19,-0.01873688238860261
2022-12-20,0.0023718063049408913
2022-12-21,0.014988264099454215
2022-12-22,-0.011923108919902912
2022-12-23,0.0023585235204855843
2022-12-27,-0.013303707650273224
2022-12-28,-0.009912347403583358
2022-12-29,0.032354222357229644
2022-12-30,0.006616129747797022
2023-01-03,0.0028747997565429094
2023-01-04,0.020501580949482654
2023-01-05,-0.008378218635809988
2023-01-06,0.020755413824604142
2023-01-09,0.00709339646772229
2023-01-10,0.019021762789281364
2023-01-11,0.014241518123667378
2023-01-12,0.020266480804387567
2023-01-13,0.009725058196221817
2023-01-17,0.0007240819622181597
2023-01-18,-0.017037718683328255
2023-01-19,-0.011460196036585367
2023-01-20,0.019934775236352547
2023-01-23,0.013516912168344008
2023-01-24,-0.0023479591089411046
2023-01-25,0.002507642966127556
2023-01-26,0.005353176075678975
2023-01-27,0.008745913971934105
2023-01-30,-0.013710335265405734
2023-01-31,0.02336508025633201
2023-02-01,0.015945544593769092
2023-02-02,0.022449575664934274
2023-02-03,-0.0064138733944954125
2023-02-06,-0.00984179510703364
2023-02-07,0.006394410397553517
2023-02-08,-0.016141710920770876
2023-02-09,-0.01711836739063934
2023-02-10,-0.0021137372285102477
2023-02-13,0.006744885521885522
2023-02-14,0.00048374694002447976
2023-02-15,0.012914926821800368
2023-02-16,-0.010547492806856443
2023-02-17,0.0012439568411386594
2023-02-21,-0.03023906613594611
2023-02-22,0.002165517156862745
2023-02-23,0.0034981612507664008
2023-02-24,-0.015504253909843608
2023-02-27,0.003543052437902484
2023-02-28,0.0011849622583614606
2023-03-01,-0.0030405574324324325
2023-03-02,0.0033313049754299753
2023-03-03,0.01594820768049155
2023-03-06,-0.013472207437000614
2023-03-07,-0.009116917614509683
2023-03-08,-0.001960790962188749
2023-03-09,-0.02971536869618696
2023-03-10,-0.03371158364083641
2023-03-13,-0.014949861846153847
2023-03-14,0.013538871692307693
2023-03-15,-0.016715356923076925
2023-03-16,0.014118095076923076
2023-03-17,-0.024011771384615386
2023-03-20,0.0022595791256157637
2023-03-21,0.025698224892174985
2023-03-22,-0.025027375539125075
2023-03-23,-0.0032152350585335798
2023-03-24,0.004484297380585516
2023-03-27,0.00838482829839704
2023-03-28,-0.001026375154130703
2023-03-29,0.013746255627505397
2023-03-30,8.527544725478098e-05
2023-03-31,0.01943654986106823
2023-04-03,0.0003768665843113033
2023-04-04,-0.01743303985171455
2023-04-05,-0.01240309851760346
2023-04-06,0.005336352069178506
2023-04-10,0.009067027794935146
2023-04-11,0.009960561940067964
2023-04-12,-0.009945228606734632
2023-04-13,0.01727094562866852
2023-04-14,-0.009425296879826999
2023-04-17,0.013393827000308927
2023-04-18,-0.005417244362063639
2023-04-19,0.0017340889987639062
2023-04-20,-0.009148582998454405
2023-04-21,0.0005912591218305504
2023-04-24,-0.0043382992272024724
2023-04-25,-0.024974973106646058
2023-04-26,-0.00691279598145286
2023-04-27,0.013631413419913418
2023-04-28,0.01049861417079208
2023-05-01,-7.052879256965942e-05
2023-05-02,-0.02190665964694952
2023-05-03,0.0027118583823985127
2023-05-04,-0.011429637321760696
2023-05-05,0.02535966367017979
2023-05-08,0.0025122563546187224
2023-05-09,-0.0016128580285182889
2023-05-10,0.005255759764414135
2023-05-11,-0.00924944062015504
2023-05-12,-0.004732010545905707
2023-05-15,0.013936537697797085
2023-05-16,-0.014846408935774123
2023-05-17,0.023830283364369955
2023-05-18,0.0065576495965238984
2023-05-19,-0.0037233638621546107
2023-05-22,0.014831350512263272
2023-05-23,-0.002105670288730208
2023-05-24,-0.012716663870767319
2023-05-25,-0.01352413735239279
2023-05-26,0.010729811062771908
2023-05-30,-0.0013446854211998755
2023-05-31,-0.00718870780230028
2023-06-01,0.009574424214130097
2023-06-02,0.03203172166874222
2023-06-05,-0.008821734744707347
2023-06-06,0.02372385803237858
2023-06-07,0.013346152552926526
2023-06-08,-0.0024921463718467767
2023-06-09,-0.008334796636561819
2023-06-12,0.006847577390221115
2023-06-13,0.013785731464174455
2023-06-14,-0.012308461202866936
2023-06-15,0.011212436856875585
2023-06-16,-0.004884168486739469
2023-06-20,-0.006175334893882646
2023-06-21,-0.0047288532625663435
2023-06-22,-0.005896218545113955
2023-06-23,-0.012100201685919451
2023-06-26,-0.004419248282323548
2023-06-27,0.01125809369144285
2023-06-28,0.00439103060587133
2023-06-29,0.011252169322086848
2023-06-30,0.004504159637613246
2023-07-03,0.006718576297686054
2023-07-05,-0.009292334063184235
2023-07-06,-0.016048380043791055
2023-07-07,0.014687732165206508
2023-07-10,0.01576930641627543
2023-07-11,0.011191849718221666
2023-07-12,0.01020930003131851
2023-07-13,0.008023352020043846
2023-07-14,-0.013207553398058252
2023-07-17,0.010394579442181135
2023-07-18,0.012251151363209025
2023-07-19,0.0062861310755722806
2023-07-20,-0.007783236511919698
2023-07-21,-0.0026653136762860726
2023-07-24,-0.000717384808537351
2023-07-25,-0.004612862523540489
2023-07-26,0.008762544140747723
2023-07-27,-0.01504950738297204
2023-07-28,0.016417756365922666
2023-07-31,0.011966656711725874
2023-08-01,-0.0034149704123386843
2023-08-02,-0.014346123740554155
2023-08-03,-0.001764933249370277
2023-08-04,-0.0023411545969773302
2023-08-07,-0.0013532514177693764
2023-08-08,-0.005069673597983617
2023-08-09,-0.009291217774976364
2023-08-10,-0.0037420520176544765
2023-08-11,0.0011171712933753944
2023-08-14,-0.0022993947617544965
2023-08-15,-0.015461993057746924
2023-08-16,-0.013739068181818182
2023-08-17,-0.009406762235554152
2023-08-18,0.002312477258370183
2023-08-21,-0.001499965549936789
2023-08-22,-0.005054497944988935
2023-08-23,0.009713007273877293
2023-08-24,-0.014297919038583176
2023-08-25,0.002578359379943056
2023-08-28,0.006005907594936709
2023-08-29,0.015356748971193416
2023-08-30,0.004052349794238683
2023-08-31,-0.0030979464681659807
2023-09-01,0.009508151188589541
2023-09-05,-0.01618970114213198
2023-09-06,-0.007391076459390862
2023-09-07,-0.010837928616751268
2023-09-08,-0.003142185655347509
2023-09-11,0.0016974287527768961
2023-09-12,-0.0006422386543954299
2023-09-13,-0.007867264444444445
2023-09-14,0.013408364444444444
2023-09-15,-0.00925217873015873
2023-09-18,-0.009447408888888889
2023-09-19,-0.0024551289298189905
2023-09-20,-0.009289335662114958
2023-09-21,-0.015103453129965045
2023-09-22,-0.005058675564029234
2023-09-25,0.0004604243483788938
2023-09-26,-0.00817127830788804
2023-09-27,0.005590464206172447
2023-09-28,0.00596563538020999
2023-09-29,-0.00023887655106586062
2023-10-02,-0.01611750063653724
2023-10-03,-0.016824600572883514
2023-10-04,0.002528546785486951
2023-10-05,0.00022218094934692577
2023-10-06,0.008483569333758368
2023-10-09,-0.0005954233343959197
2023-10-10,0.014479879821485495
2023-10-11,0.008228778628389154
2023-10-12,-0.022111269218500797
2023-10-13,-0.007004561621966794
2023-10-16,0.015962950143815914
2023-10-17,0.01225402749360614
2023-10-18,-0.021876473448496483
2023-10-19,-0.01612985152
2023-10-20,-0.01205618496
2023-10-23,-0.012622125759999998
2023-10-24,0.007124506722151089
2023-10-25,-0.015292563700384123
2023-10-26,0.0014320531370038414
2023-10-27,-0.013424241357234317
2023-10-30,0.01072475456584428
2023-10-31,0.009448653636654918
2023-11-01,-0.0004657791666666668
2023-11-02,0.029743579031740942
2023-11-03,0.031220974342527262
2023-11-06,-0.011474047481552774
2023-11-07,0.0005161483146067415
2023-11-08,-0.011113655205655527
2023-11-09,-0.021877341165111037
2023-11-10,0.005478019633086579
2023-11-13,0.0011394901834567107
2023-11-14,0.04858920959433354
2023-11-15,0.00792240579710145
2023-11-16,-0.01378654653784219
2023-11-17,0.015225869845360824
2023-11-20,0.00658228737113402
2023-11-21,-0.01332306024484536
2023-11-22,0.006783833387044796
2023-11-24,0.010839951966473244
2023-11-27,-0.0066338778207608
2023-11-28,-0.0027457104159948403
2023-11-29,0.007717903225806452
2023-11-30,0.0019619348176831237
2023-12-01,0.029677437984496124
2023-12-04,0.012536971253229976
2023-12-05,-0.014245518410852715
2023-12-06,0.0022250839793281655
2023-12-07,0.008300612726098191
2023-12-08,0.006373831395348837
2023-12-11,-0.004634186046511628
2023-12-12,-0.00362987915993538
2023-12-13,0.03553745410471881
2023-12-14,0.02433079172056921
2023-12-15,-0.006326387055016181
2023-12-18,-0.003193371761658031
2023-12-19,0.020104340025906737
2023-12-20,-0.01701049902849741
2023-12-21,0.018211714378238344
2023-12-22,0.010767848445595855
2023-12-26,0.014486910268869451
2023-12-27,0.00528368752025932
2023-12-28,0.0006192684824902723
2023-12-29,-0.013127768806744487
